<!--
  Kobuki's implementation of turtlebot's mobile base.
 -->
<launch>
  <arg name="serialport"/> <!-- TODO: use the serialport parameter to set the serial port of kobuki -->
  
  <node pkg="nodelet" type="nodelet" name="mobile_base_nodelet_manager" args="manager"/>
  <node pkg="nodelet" type="nodelet" name="mobile_base" args="load kobuki_node/KobukiNodelet mobile_base_nodelet_manager">
    <rosparam file="$(find kobuki_node)/param/base.yaml" command="load"/>
    <param name="device_port" value="$(arg serialport)" />

    <remap from="mobile_base/odom" to="odom"/>
    <!-- Don't do this - force applications to use a velocity mux for redirection  
      <remap from="mobile_base/commands/velocity" to="cmd_vel"/> 
    -->
    <remap from="mobile_base/enable" to="enable"/>
    <remap from="mobile_base/disable" to="disable"/>
    <remap from="mobile_base/joint_states" to="joint_states"/>
  </node>

  <!-- velocity commands multiplexer -->
  <node pkg="nodelet" type="nodelet" name="cmd_vel_mux" args="load yocs_cmd_vel_mux/CmdVelMuxNodelet mobile_base_nodelet_manager">
    <param name="yaml_cfg_file" value="$(find turtlebot2i_bringup)/param/mux.yaml"/>
    <remap from="cmd_vel_mux/output" to="mobile_base/commands/velocity"/>
  </node>
  
  <!-- bumper/cliff to pointcloud -->
  <include file="$(find turtlebot2i_bringup)/launch/includes/kobuki/bumper2pc.launch.xml"/>
</launch>
